<?xml version="1.0" encoding="UTF-8"?>
<project-private xmlns="http://www.netbeans.org/ns/project-private/1">
    <editor-bookmarks xmlns="http://www.netbeans.org/ns/editor-bookmarks/2" lastBookmarkId="0"/>
    <open-files xmlns="http://www.netbeans.org/ns/projectui-open-files/2">
        <group>
            <file>file:/E:/study/Java/Student_Companion/src/student_companion/PanelDetail.java</file>
            <file>file:/E:/study/Java/Student_Companion/src/student_companion/ClientFrame.java</file>
            <file>file:/E:/study/Java/Student_Companion/src/student_companion/sms_send.java</file>
            <file>file:/E:/study/Java/Student_Companion/src/student_companion/StudentHome.java</file>
            <file>file:/E:/study/Java/Student_Companion/src/student_companion/ViewAllStudent.java</file>
            <file>file:/E:/study/Java/Student_Companion/src/student_companion/StudentChangePassword.java</file>
            <file>file:/E:/study/Java/Student_Companion/src/student_companion/ForgetPassword.java</file>
            <file>file:/E:/study/Java/Student_Companion/src/student_companion/AdminHome.java</file>
            <file>file:/E:/study/Java/Student_Companion/src/student_companion/ViewAllSubject.java</file>
            <file>file:/E:/study/Java/Student_Companion/src/student_companion/AddDepartment.java</file>
            <file>file:/E:/study/Java/Student_Companion/src/student_companion/AdminChangePassword.java</file>
            <file>file:/E:/study/Java/Student_Companion/src/student_companion/Add_Student.java</file>
            <file>file:/E:/study/Java/Student_Companion/src/student_companion/Add_Course.java</file>
            <file>file:/E:/study/Java/Student_Companion/src/student_companion/Admin_Login.java</file>
            <file>file:/E:/study/Java/Student_Companion/src/student_companion/ViewAllDepartment.java</file>
            <file>file:/E:/study/Java/Student_Companion/src/student_companion/Panel_Paper.java</file>
            <file>file:/E:/study/Java/Student_Companion/src/student_companion/ViewAllCourse.java</file>
            <file>file:/E:/study/Java/Student_Companion/src/student_companion/Add_Subject.java</file>
        </group>
    </open-files>
</project-private>
